City_ID,City,Country,Date,Lat,Lng,Max Temp,Humidity,Cloudiness,Wind Speed
0,Bengkulu,ID,2021-08-03 01:31:59,-3.8004,102.2655,80.69,72,77,2.48
1,Busselton,AU,2021-08-03 01:32:36,-33.65,115.3333,50.04,78,100,6.6
2,Anadyr,RU,2021-08-03 01:32:43,64.75,177.4833,50.5,81,90,17.0
3,Ossora,RU,2021-08-03 01:32:43,59.2353,163.0719,56.98,48,89,20.47
4,Tazovskiy,RU,2021-08-03 01:32:43,67.4667,78.7,59.68,74,80,8.79
5,Vilhena,BR,2021-08-03 01:29:24,-12.7406,-60.1458,71.82,46,0,10.36
6,Kravare,CZ,2021-08-03 01:32:44,49.932,18.0047,56.08,91,2,4.85
7,Srednekolymsk,RU,2021-08-03 01:32:44,67.45,153.6833,54.3,42,14,12.82
8,Ushuaia,AR,2021-08-03 01:32:32,-54.8,-68.3,37.06,87,75,28.77
9,Torbay,CA,2021-08-03 01:32:45,47.6666,-52.7314,61.68,83,90,4.61
10,Padang,ID,2021-08-03 01:29:18,-0.9492,100.3543,77.05,73,50,2.06
11,Cap Malheureux,MU,2021-08-03 01:32:45,-19.9842,57.6142,59.49,65,0,6.85
12,New Norfolk,AU,2021-08-03 01:32:46,-42.7826,147.0587,52.75,73,97,1.99
13,Ancud,CL,2021-08-03 01:32:46,-41.8697,-73.8203,49.53,94,100,4.41
14,Upernavik,GL,2021-08-03 01:32:46,72.7868,-56.1549,47.14,68,95,6.2
15,Hobart,AU,2021-08-03 01:32:47,-42.8794,147.3294,53.11,75,75,5.01
16,Rikitea,PF,2021-08-03 01:32:36,-23.1203,-134.9692,69.6,57,44,21.0
17,Barrow,US,2021-08-03 01:29:32,71.2906,-156.7887,44.62,87,90,16.11
18,Kapaa,US,2021-08-03 01:32:48,22.0752,-159.319,87.78,74,75,5.01
19,Albany,US,2021-08-03 01:32:27,42.6001,-73.9662,64.98,79,0,5.66
20,Qaanaaq,GL,2021-08-03 01:32:48,77.484,-69.3632,43.48,70,78,2.66
21,Punta Arenas,CL,2021-08-03 01:28:37,-53.15,-70.9167,37.51,81,0,27.63
22,Rorvik,NO,2021-08-03 01:32:48,64.8621,11.2373,52.18,68,100,6.33
23,Hilo,US,2021-08-03 01:32:49,19.7297,-155.09,78.53,81,90,10.36
24,Port Lincoln,AU,2021-08-03 01:32:49,-34.7333,135.8667,55.49,54,68,17.85
25,Shitanjing,CN,2021-08-03 01:32:50,39.2342,106.3439,68.79,40,100,7.34
26,Mercedes,AR,2021-08-03 01:32:50,-34.6515,-59.4307,49.86,73,0,7.81
27,Tasiilaq,GL,2021-08-03 01:29:02,65.6145,-37.6368,44.76,80,100,1.92
28,Leningradskiy,RU,2021-08-03 01:32:50,69.3833,178.4167,33.1,100,100,9.4
29,Osmaniye,TR,2021-08-03 01:32:51,37.0742,36.2478,84.52,81,0,2.1
30,Yellowknife,CA,2021-08-03 01:31:29,62.456,-114.3525,89.29,27,75,8.05
31,Yebaishou,CN,2021-08-03 01:32:51,41.3975,119.6408,74.91,69,5,4.61
32,Roma,US,2021-08-03 01:32:52,43.2128,-75.4557,62.74,78,1,4.61
33,Manggar,ID,2021-08-03 01:32:52,-2.8833,108.2667,85.05,67,89,14.14
34,Hervey Bay,AU,2021-08-03 01:32:52,-25.2986,152.8535,78.04,76,0,15.03
35,Borskoye,RU,2021-08-03 01:32:53,53.0333,51.7167,76.91,37,66,10.13
36,Tommot,RU,2021-08-03 01:32:53,58.9564,126.2925,59.94,90,100,2.19
37,Cape Town,ZA,2021-08-03 01:31:00,-33.9258,18.4232,56.12,95,0,3.44
38,Margate,GB,2021-08-03 01:30:36,51.3813,1.3862,60.04,77,100,1.99
39,Jamestown,US,2021-08-03 01:31:56,42.097,-79.2353,62.24,67,1,2.19
40,Isangel,VU,2021-08-03 01:32:54,-19.55,169.2667,75.31,64,20,11.5
41,Salalah,OM,2021-08-03 01:32:31,17.0151,54.0924,77.09,100,90,8.05
42,Santa Cruz Del Norte,CU,2021-08-03 01:32:54,23.1539,-81.9236,75.81,67,97,8.93
43,Asfi,MA,2021-08-03 01:32:54,32.2994,-9.2372,67.1,92,4,9.08
44,North Bend,US,2021-08-03 01:32:55,43.4065,-124.2243,62.92,88,90,11.5
45,Castro,BR,2021-08-03 01:32:55,-24.7911,-50.0119,48.29,83,0,1.7
46,Leh,IN,2021-08-03 01:32:56,34.1667,77.5833,61.27,51,10,5.48
47,Iqaluit,CA,2021-08-03 01:28:27,63.7506,-68.5145,47.93,93,75,4.61
48,Skuodas,LT,2021-08-03 01:32:56,56.2667,21.5333,60.66,94,18,5.86
49,Broome,US,2021-08-03 01:32:56,42.2506,-75.833,59.58,93,0,0.96
50,Bocaiuva,BR,2021-08-03 01:32:57,-17.1078,-43.815,62.31,59,88,4.94
51,Saldanha,ZA,2021-08-03 01:32:57,-33.0117,17.9442,48.25,66,0,4.03
52,Pereslavl-Zalesskiy,RU,2021-08-03 01:32:57,56.7393,38.8563,61.21,92,58,10.65
53,Kahului,US,2021-08-03 01:29:08,20.8947,-156.47,84.94,67,40,27.63
54,Rawson,AR,2021-08-03 01:32:58,-43.3002,-65.1023,55.76,37,67,9.55
55,Tiksi,RU,2021-08-03 01:32:58,71.6872,128.8694,50.05,59,64,7.94
56,Bluff,NZ,2021-08-03 01:28:20,-46.6,168.3333,49.8,59,10,7.27
57,Road Town,VG,2021-08-03 01:32:59,18.4167,-64.6167,80.2,75,3,14.18
58,Pyshma,RU,2021-08-03 01:32:59,56.9523,63.2513,63.16,92,9,7.47
59,Nikolskoye,RU,2021-08-03 01:32:59,59.7035,30.7861,60.03,96,100,13.53
60,Dimona,IL,2021-08-03 01:33:00,31.0667,35.0333,75.87,35,0,1.83
61,Katsuura,JP,2021-08-03 01:31:51,35.1333,140.3,87.91,75,46,10.69
62,Zatoka,UA,2021-08-03 01:33:00,46.0725,30.4654,70.34,88,0,15.1
63,Baykit,RU,2021-08-03 01:33:01,61.67,96.37,67.39,69,97,8.99
64,Thompson,CA,2021-08-03 01:33:01,55.7435,-97.8558,75.36,43,20,3.44
65,Severo-Kurilsk,RU,2021-08-03 01:33:01,50.6789,156.125,54.3,74,100,15.57
66,Sovetskiy,RU,2021-08-03 01:30:16,61.3614,63.5842,62.15,73,46,4.83
67,Vaini,TO,2021-08-03 01:33:02,-21.2,-175.2,75.36,69,20,12.66
68,Aklavik,CA,2021-08-03 01:33:02,68.2191,-135.0107,56.23,79,100,13.06
69,Carauari,BR,2021-08-03 01:33:02,-4.8828,-66.8958,77.02,51,76,1.5
70,Longyearbyen,SJ,2021-08-03 01:33:03,78.2186,15.6401,44.44,70,75,26.46
71,Arraial Do Cabo,BR,2021-08-03 01:33:03,-22.9661,-42.0278,67.48,82,2,17.81
72,Carnarvon,AU,2021-08-03 01:33:03,-24.8667,113.6333,55.47,37,0,16.11
73,East London,ZA,2021-08-03 01:32:44,-33.0153,27.9116,57.97,80,1,16.73
74,Saint George,US,2021-08-03 01:28:50,37.1041,-113.5841,102.79,15,1,3.0
75,Beringovskiy,RU,2021-08-03 01:33:04,63.05,179.3167,44.19,94,100,8.66
76,Rocha,UY,2021-08-03 01:33:04,-34.4833,-54.3333,44.28,92,0,1.99
77,Kodiak,US,2021-08-03 01:33:05,57.79,-152.4072,56.62,80,5,6.51
78,San Patricio,US,2021-08-03 01:31:49,28.017,-97.5169,87.66,70,90,8.39
79,Bosaso,SO,2021-08-03 01:33:05,11.2842,49.1816,87.87,44,36,24.85
80,Port Alfred,ZA,2021-08-03 01:33:06,-33.5906,26.891,54.86,86,0,13.51
81,Mashhad,IR,2021-08-03 01:28:55,36.297,59.6062,69.94,37,0,0.0
82,Bredasdorp,ZA,2021-08-03 01:33:06,-34.5322,20.0403,52.29,93,8,3.44
83,Richards Bay,ZA,2021-08-03 01:33:06,-28.783,32.0377,63.09,83,100,5.55
84,Makat,KZ,2021-08-03 01:33:07,47.6469,53.3463,88.18,21,12,7.43
85,Te Anau,NZ,2021-08-03 01:33:07,-45.4167,167.7167,45.45,77,55,2.19
86,Saint Anthony,US,2021-08-03 01:33:07,45.0205,-93.218,78.69,49,1,1.01
87,Stanislav,UA,2021-08-03 01:33:08,46.5691,32.1478,75.29,83,16,4.81
88,Merauke,ID,2021-08-03 01:33:08,-8.4667,140.3333,81.23,62,93,10.2
89,Viedma,AR,2021-08-03 01:30:36,-40.8135,-62.9967,54.32,37,36,7.45
90,Pemangkat,ID,2021-08-03 01:33:08,1.1667,108.9667,82.98,74,84,7.07
91,Tessalit,ML,2021-08-03 01:33:09,20.1986,1.0114,86.9,40,59,8.32
92,Port Blair,IN,2021-08-03 01:33:09,11.6667,92.75,82.11,82,100,19.28
93,Taoudenni,ML,2021-08-03 01:33:10,22.6783,-3.9836,97.02,23,78,7.72
94,Wasilla,US,2021-08-03 01:28:19,61.5814,-149.4394,83.48,48,1,3.44
95,Mataura,NZ,2021-08-03 01:33:10,-46.1927,168.8643,49.48,76,20,4.41
96,Zhongshu,CN,2021-08-03 01:33:10,24.5167,103.7667,73.49,66,0,4.81
97,Yaan,NG,2021-08-03 01:33:11,7.3833,8.5667,71.51,96,100,5.39
98,Jamame,SO,2021-08-03 01:33:11,0.0722,42.7506,73.78,85,78,9.26
99,Hasaki,JP,2021-08-03 01:33:11,35.7333,140.8333,90.28,77,64,12.5
100,Iracoubo,GF,2021-08-03 01:33:12,5.4802,-53.2011,77.52,81,98,5.79
101,Udachnyy,RU,2021-08-03 01:33:12,66.4167,112.4,76.23,36,100,16.67
102,Sioux Lookout,CA,2021-08-03 01:32:46,50.1001,-91.917,73.78,56,75,3.44
103,Norman Wells,CA,2021-08-03 01:33:03,65.282,-126.8329,87.84,29,1,8.05
104,Yerbogachen,RU,2021-08-03 01:33:13,61.2767,108.0108,71.42,54,100,3.36
105,Nayoro,JP,2021-08-03 01:33:13,44.3506,142.4578,89.37,50,99,5.35
106,Jalu,LY,2021-08-03 01:33:13,29.0331,21.5482,85.23,26,0,7.18
107,Yichang,CN,2021-08-03 01:33:14,30.7144,111.2847,90.05,68,1,2.84
108,Harper,LR,2021-08-03 01:33:14,4.375,-7.7169,75.36,78,22,5.17
109,Turayf,SA,2021-08-03 01:33:14,31.6725,38.6637,75.45,33,0,11.5
110,Labuhan,ID,2021-08-03 01:33:15,-6.8844,112.2051,83.59,67,8,6.22
111,Hofn,IS,2021-08-03 01:32:33,64.2539,-15.2082,52.95,85,100,7.25
112,Palitana,IN,2021-08-03 01:33:15,21.5167,71.8333,80.94,76,100,13.09
113,Muncar,ID,2021-08-03 01:33:16,-8.4333,114.3333,78.3,86,73,4.56
114,Qaqortoq,GL,2021-08-03 01:32:25,60.7167,-46.0333,48.7,97,100,3.91
115,Saskylakh,RU,2021-08-03 01:31:40,71.9167,114.0833,71.24,41,22,10.6
116,Deputatskiy,RU,2021-08-03 01:33:16,69.3,139.9,53.46,40,59,11.3
117,Grindavik,IS,2021-08-03 01:33:17,63.8424,-22.4338,51.91,100,75,4.61
118,Bima,ID,2021-08-03 01:33:17,-8.4667,118.7167,88.77,53,16,5.35
119,Los Llanos De Aridane,ES,2021-08-03 01:32:29,28.6585,-17.9182,69.55,92,75,12.66
120,Douglas,US,2021-08-03 01:33:17,41.3,-96.167,76.06,61,1,3.44
121,Porto Santo,PT,2021-08-03 01:33:19,33.072,-16.3415,72.3,83,40,14.97
122,Lorengau,PG,2021-08-03 01:33:19,-2.0226,147.2712,84.9,71,48,9.17
123,Tiarei,PF,2021-08-03 01:33:19,-17.5333,-149.3333,82.42,71,93,10.02
124,Acapulco,MX,2021-08-03 01:29:11,16.8634,-99.8901,85.82,79,40,9.22
125,Tuktoyaktuk,CA,2021-08-03 01:31:46,69.4541,-133.0374,48.2,87,90,16.11
126,Marystown,CA,2021-08-03 01:33:20,47.1666,-55.1483,58.78,97,100,17.27
127,Natal,BR,2021-08-03 01:33:20,-5.795,-35.2094,73.62,100,75,5.75
128,Puerto Escondido,MX,2021-08-03 01:33:21,15.85,-97.0667,85.03,65,40,5.75
129,Sikeston,US,2021-08-03 01:33:21,36.8767,-89.5879,76.89,73,1,3.44
130,Georgetown,MY,2021-08-03 01:30:16,5.4112,100.3354,84.13,82,20,1.01
131,Lima,PE,2021-08-03 01:29:05,-12.0432,-77.0282,61.05,82,90,6.91
132,Airai,TL,2021-08-03 01:31:24,-8.9266,125.4092,75.2,31,22,4.99
133,Nanortalik,GL,2021-08-03 01:33:22,60.1432,-45.2371,44.17,96,100,2.57
134,Hermanus,ZA,2021-08-03 01:33:22,-34.4187,19.2345,55.9,79,0,9.01
135,Ponta Do Sol,PT,2021-08-03 01:33:22,32.6667,-17.1,73.0,72,22,6.08
136,Tecoanapa,MX,2021-08-03 01:33:23,16.5167,-98.75,81.66,85,31,7.14
137,Millinocket,US,2021-08-03 01:33:23,45.6573,-68.7098,60.91,88,1,0.0
138,Cabo San Lucas,MX,2021-08-03 01:32:44,22.8909,-109.9124,93.81,61,20,10.0
139,Teluknaga,ID,2021-08-03 01:33:23,-6.0989,106.6381,87.62,74,20,4.0
140,Novopokrovka,UA,2021-08-03 01:33:24,49.8425,36.5477,70.18,89,100,4.97
141,Detchino,RU,2021-08-03 01:33:25,54.8092,36.3075,63.05,98,14,7.36
142,Luau,AO,2021-08-03 01:33:25,-10.7073,22.2247,59.32,46,27,1.83
143,Yarada,IN,2021-08-03 01:33:26,17.65,83.2667,82.72,83,75,5.75
144,Tsumeb,NA,2021-08-03 01:33:26,-19.2333,17.7167,44.15,34,0,9.22
145,Wajir,KE,2021-08-03 01:33:26,1.7471,40.0573,72.01,65,84,10.65
146,Talnakh,RU,2021-08-03 01:33:27,69.4865,88.3972,76.35,43,98,5.7
147,Murwillumbah,AU,2021-08-03 01:33:27,-28.3167,153.4,73.2,83,40,12.66
148,Pevek,RU,2021-08-03 01:31:22,69.7008,170.3133,35.19,84,100,17.85
149,Kondopoga,RU,2021-08-03 01:33:27,62.2057,34.2614,62.28,97,100,10.63
150,Dingle,PH,2021-08-03 01:32:55,10.9995,122.6711,86.81,67,100,16.04
151,Puerto Ayora,EC,2021-08-03 01:33:28,-0.7393,-90.3518,70.61,92,40,8.21
152,Nadym,RU,2021-08-03 01:33:28,65.5333,72.5167,59.79,70,100,6.91
153,Hirara,JP,2021-08-03 01:33:28,24.8,125.2833,86.27,79,75,4.61
154,Bilma,NE,2021-08-03 01:33:29,18.6853,12.9164,91.38,19,1,12.35
155,Clyde River,CA,2021-08-03 01:33:16,70.4692,-68.5914,34.03,100,90,6.91
156,Chuy,UY,2021-08-03 01:33:29,-33.6971,-53.4616,48.04,95,0,5.17
157,Naze,JP,2021-08-03 01:33:30,28.3667,129.4833,83.32,80,90,16.82
158,Coihaique,CL,2021-08-03 01:32:39,-45.5752,-72.0662,36.57,97,23,7.29
159,Ulladulla,AU,2021-08-03 01:33:30,-35.35,150.4667,63.88,50,6,14.83
160,Geraldton,AU,2021-08-03 01:33:31,-28.7667,114.6,55.13,76,0,13.8
161,Mar Del Plata,AR,2021-08-03 01:33:01,-38.0023,-57.5575,51.13,46,0,5.01
162,Goderich,CA,2021-08-03 01:32:12,43.7501,-81.7165,64.9,77,8,2.3
163,Caucaia,BR,2021-08-03 01:33:31,-3.7361,-38.6531,79.03,77,0,8.05
164,Boguchany,RU,2021-08-03 01:33:32,58.3814,97.4531,70.09,60,49,4.18
165,Kichera,RU,2021-08-03 01:33:32,55.9375,110.0997,57.79,87,100,1.83
166,Bucerias,MX,2021-08-03 01:33:32,20.75,-105.3333,86.99,80,58,2.06
167,Kavieng,PG,2021-08-03 01:33:33,-2.5744,150.7967,83.62,75,29,9.42
168,Bethel,US,2021-08-03 01:33:00,41.3712,-73.414,71.49,78,75,3.44
169,Touros,BR,2021-08-03 01:33:40,-5.1989,-35.4608,72.5,86,16,15.17
170,Dunedin,NZ,2021-08-03 01:30:50,-45.8742,170.5036,47.8,62,89,20.0
171,Lianzhou,CN,2021-08-03 01:33:41,24.7811,112.3825,90.99,55,94,3.83
172,Manado,ID,2021-08-03 01:33:42,1.487,124.8455,88.57,62,40,3.44
173,Ninghai,CN,2021-08-03 01:33:42,29.2892,121.4247,80.73,98,100,4.79
174,Plettenberg Bay,ZA,2021-08-03 01:33:42,-34.0527,23.3716,56.89,61,0,5.03
175,La Rioja,ES,2021-08-03 01:33:43,42.25,-2.5,56.05,76,14,4.54
176,Trairi,BR,2021-08-03 01:30:58,-3.2778,-39.2689,76.42,80,7,7.67
177,Karratha,AU,2021-08-03 01:31:06,-20.7377,116.8463,67.78,22,13,23.35
178,Jacareacanga,BR,2021-08-03 01:33:43,-6.2222,-57.7528,80.24,49,55,2.46
179,Chimore,BO,2021-08-03 01:33:43,-16.9833,-65.1333,65.55,56,0,2.91
180,Swan Hill,AU,2021-08-03 01:33:10,-35.3378,143.5544,52.92,67,77,16.87
181,Huainan,CN,2021-08-03 01:33:44,32.6264,116.9969,84.54,72,4,9.1
182,Grand Gaube,MU,2021-08-03 01:33:44,-20.0064,57.6608,59.4,65,0,6.69
183,Lithakia,GR,2021-08-03 01:33:45,37.7167,20.8333,82.58,66,0,4.88
184,Cherskiy,RU,2021-08-03 01:33:45,68.75,161.3,47.66,53,100,20.15
185,Loandjili,CG,2021-08-03 01:33:45,-4.7561,11.8578,73.51,94,75,2.3
186,Houma,US,2021-08-03 01:33:46,29.5958,-90.7195,82.99,86,40,0.0
187,Lompoc,US,2021-08-03 01:32:57,34.6391,-120.4579,83.79,70,1,12.66
188,Benjamin Aceval,PY,2021-08-03 01:33:46,-24.9667,-57.5667,53.74,58,2,4.32
189,Filiatra,GR,2021-08-03 01:33:47,37.15,21.5833,83.7,56,0,8.68
190,Taree,AU,2021-08-03 01:31:27,-31.9,152.4667,71.06,68,90,6.91
191,Camacha,PT,2021-08-03 01:33:27,33.0833,-16.3333,69.53,83,40,14.97
192,Yumen,CN,2021-08-03 01:33:47,40.2833,97.2,73.62,15,4,1.3
193,Thinadhoo,MV,2021-08-03 01:33:48,0.5333,72.9333,82.22,71,100,5.66
194,Mandiana,GN,2021-08-03 01:33:48,10.6333,-8.6833,70.68,95,10,4.16
195,Najran,SA,2021-08-03 01:33:48,17.4924,44.1277,81.25,53,99,10.58
196,Maumere,ID,2021-08-03 01:33:49,-8.6199,122.2111,82.62,70,82,5.73
197,Atuona,PF,2021-08-03 01:32:01,-9.8,-139.0333,77.5,74,3,17.96
198,Hurghada,EG,2021-08-03 01:33:49,27.2574,33.8129,82.44,74,0,0.0
199,Pechenga,RU,2021-08-03 01:33:50,69.5259,31.1703,46.78,85,100,4.23
200,Avarua,CK,2021-08-03 01:33:50,-21.2078,-159.775,78.85,78,75,10.36
201,Dzhebariki-Khaya,RU,2021-08-03 01:33:50,62.2167,135.8,76.68,36,100,2.21
202,Cabra,ES,2021-08-03 01:33:51,37.4725,-4.4421,73.9,61,0,5.35
203,Turukhansk,RU,2021-08-03 01:33:51,65.8167,87.9833,70.38,56,100,12.17
204,Bam,IR,2021-08-03 01:33:51,29.106,58.357,84.63,13,7,7.38
205,Muhos,FI,2021-08-03 01:33:52,64.808,25.9931,53.38,90,100,9.26
206,Kirensk,RU,2021-08-03 01:33:52,57.7853,108.1119,61.74,76,100,1.12
207,Pilar,BR,2021-08-03 01:33:52,-9.5972,-35.9567,71.53,96,28,2.77
208,Butaritari,KI,2021-08-03 01:33:53,3.0707,172.7902,82.11,72,40,2.93
209,Bandarbeyla,SO,2021-08-03 01:33:53,9.4942,50.8122,79.27,63,80,29.12
210,Bonavista,CA,2021-08-03 01:33:54,48.6499,-53.1147,62.11,74,100,10.36
211,Manokwari,ID,2021-08-03 01:33:54,-0.8667,134.0833,83.95,71,16,7.85
212,Conway,US,2021-08-03 01:30:17,35.0887,-92.4421,80.44,68,1,9.22
213,Hamilton,US,2021-08-03 01:30:13,39.1834,-84.5333,72.45,68,1,3.44
214,Port Hardy,CA,2021-08-03 01:30:18,50.6996,-127.4199,64.58,63,20,10.36
215,Brainerd,US,2021-08-03 01:31:03,46.358,-94.2008,77.02,38,1,6.91
216,Dikson,RU,2021-08-03 01:33:03,73.5069,80.5464,50.88,81,100,8.03
217,Olafsvik,IS,2021-08-03 01:33:41,64.8945,-23.7142,52.5,78,100,5.32
218,Saint-Philippe,RE,2021-08-03 01:32:33,-21.3585,55.7679,67.59,67,0,2.28
219,Agadez,NE,2021-08-03 01:33:55,19.75,10.25,87.82,15,1,9.31
220,Hualmay,PE,2021-08-03 01:33:56,-11.0964,-77.6139,64.09,82,14,11.63
221,Karpogory,RU,2021-08-03 01:33:56,64.0019,44.4451,57.94,92,71,6.78
222,Griffith,US,2021-08-03 01:33:56,41.5284,-87.4237,73.33,64,90,3.44
223,Jonkoping,SE,2021-08-03 01:33:57,57.7814,14.1562,46.69,100,46,0.0
224,Barkhan,PK,2021-08-03 01:33:57,29.8977,69.5256,83.08,54,8,1.19
225,Lebu,CL,2021-08-03 01:33:58,-37.6167,-73.65,51.39,86,29,16.75
226,Bowen,AU,2021-08-03 01:33:58,-20.0167,148.2333,77.22,59,15,8.01
227,Puerto Baquerizo Moreno,EC,2021-08-03 01:33:58,-0.9,-89.6,70.84,88,100,11.05
228,Cancun,MX,2021-08-03 01:33:09,21.1743,-86.8466,84.13,79,40,9.22
229,Mount Gambier,AU,2021-08-03 01:33:59,-37.8333,140.7667,49.91,76,40,19.57
230,Avera,US,2021-08-03 01:33:59,33.194,-82.5271,84.7,50,100,3.31
231,Madimba,TZ,2021-08-03 01:34:00,-10.4,40.3333,68.7,86,15,9.15
232,Ocumare Del Tuy,VE,2021-08-03 01:34:00,10.1165,-66.7761,80.73,99,99,3.36
233,Kushmurun,KZ,2021-08-03 01:34:00,52.4503,64.6311,71.56,54,97,5.68
234,Faya,SA,2021-08-03 01:33:43,18.3851,42.4509,64.51,61,99,7.65
235,Acurenam,GQ,2021-08-03 01:34:01,1.0322,10.6488,66.47,99,96,3.56
236,Sahuaripa,MX,2021-08-03 01:34:01,29.05,-109.2333,75.58,87,100,4.36
237,Perth,AU,2021-08-03 01:33:17,-31.9333,115.8333,56.05,89,75,0.0
238,Sao Filipe,CV,2021-08-03 01:34:02,14.8961,-24.4956,76.19,85,83,5.26
239,Roebourne,AU,2021-08-03 01:31:10,-20.7833,117.1333,67.51,23,23,23.76
240,Kaputa,ZM,2021-08-03 01:34:02,-8.4689,29.6619,63.48,52,8,1.28
241,Meulaboh,ID,2021-08-03 01:34:03,4.1363,96.1285,80.15,71,45,4.94
242,Tomatlan,MX,2021-08-03 01:34:03,19.9333,-105.25,77.72,91,78,2.57
243,Ixtapa,MX,2021-08-03 01:30:13,20.7,-105.2,86.23,80,84,1.99
244,Chokurdakh,RU,2021-08-03 01:29:15,70.6333,147.9167,53.64,39,18,8.86
245,Tsuruoka,JP,2021-08-03 01:34:04,38.7217,139.8217,91.44,62,75,8.05
246,Tallahassee,US,2021-08-03 01:33:44,30.4383,-84.2807,82.24,78,75,0.0
247,Kysyl-Syr,RU,2021-08-03 01:34:04,63.8986,122.7617,80.06,34,0,9.86
248,Koslan,RU,2021-08-03 01:34:04,63.4564,48.8989,57.09,93,100,3.74
249,Macau,MO,2021-08-03 01:34:05,22.2006,113.5461,85.71,84,40,18.41
250,Souillac,MU,2021-08-03 01:31:49,-20.5167,57.5167,59.38,88,20,8.05
251,Sistranda,NO,2021-08-03 01:34:05,63.7256,8.834,51.91,69,97,2.37
252,Iquique,CL,2021-08-03 01:33:58,-20.2208,-70.1431,59.04,76,56,3.09
253,Surt,LY,2021-08-03 01:34:06,31.2089,16.5887,82.22,73,0,7.65
254,Marsaxlokk,MT,2021-08-03 01:34:06,35.8419,14.5431,85.08,57,0,2.3
255,Praia Da Vitoria,PT,2021-08-03 01:34:06,38.7333,-27.0667,73.76,100,90,3.69
256,Santarem,BR,2021-08-03 01:34:07,-2.4431,-54.7083,75.33,94,20,2.3
257,Benguela,AO,2021-08-03 01:34:07,-12.5763,13.4055,68.67,85,1,6.06
258,Axim,GH,2021-08-03 01:34:07,4.8699,-2.2405,75.83,90,96,5.39
259,Kaitangata,NZ,2021-08-03 01:32:15,-46.2817,169.8464,52.93,53,36,10.67
260,Jishou,CN,2021-08-03 01:34:08,28.3167,109.7167,88.45,66,5,6.13
261,Esperance,AU,2021-08-03 01:31:03,-33.8667,121.9,51.64,74,72,15.86
262,Moa,CU,2021-08-03 01:34:08,20.6569,-74.9403,80.65,86,100,10.63
263,Omboue,GA,2021-08-03 01:34:09,-1.5746,9.2618,74.05,88,100,4.14
264,Ginir,ET,2021-08-03 01:34:09,7.1333,40.7,57.85,70,64,10.58
265,Yangjiang,CN,2021-08-03 01:34:09,21.85,111.9667,85.95,80,100,7.72
266,Zhigansk,RU,2021-08-03 01:34:10,66.7697,123.3711,71.67,40,8,6.53
267,Vila Franca Do Campo,PT,2021-08-03 01:34:10,37.7167,-25.4333,68.41,83,0,4.99
268,Arlit,NE,2021-08-03 01:34:10,18.7369,7.3853,89.06,37,99,11.54
269,Vila Velha,BR,2021-08-03 01:31:33,-20.3297,-40.2925,60.75,94,0,2.3
270,Diego De Almagro,CL,2021-08-03 01:34:11,-26.3667,-70.05,57.76,47,0,2.28
271,Nome,US,2021-08-03 01:34:11,64.5011,-165.4064,59.07,82,90,13.8
272,Naantali,FI,2021-08-03 01:34:12,60.4674,22.0243,57.11,87,90,8.05
273,Mayo,US,2021-08-03 01:32:50,38.8876,-76.5119,73.94,83,1,0.0
274,Saint-Augustin,CA,2021-08-03 01:34:12,51.226,-58.6502,57.81,93,100,14.34
275,Puntarenas,CR,2021-08-03 01:34:13,9.9763,-84.8384,80.53,90,100,4.94
276,Santa Isabel,BR,2021-08-03 01:34:13,-23.3156,-46.2214,61.66,95,35,3.36
277,Half Moon Bay,US,2021-08-03 01:34:14,37.4636,-122.4286,85.75,70,40,3.0
278,Port-Cartier,CA,2021-08-03 01:34:10,50.0334,-66.8654,59.94,64,80,5.37
279,Jinotega,NI,2021-08-03 01:34:14,13.0917,-86.0018,66.07,94,100,4.76
280,Lagoa,PT,2021-08-03 01:31:19,39.05,-27.9833,71.4,93,62,5.86
281,Shenjiamen,CN,2021-08-03 01:34:15,29.9576,122.298,78.98,92,100,9.51
282,Hanzhong,CN,2021-08-03 01:34:15,33.0728,107.0303,82.53,75,64,2.75
283,Pavino,RU,2021-08-03 01:34:15,59.1139,46.1414,63.39,95,66,8.08
284,Ostrovnoy,RU,2021-08-03 01:34:16,68.0531,39.5131,50.58,98,89,6.71
285,Oud-Beijerland,NL,2021-08-03 01:34:16,51.8242,4.4125,58.05,84,100,0.0
286,Ofunato,JP,2021-08-03 01:34:16,39.0717,141.7167,85.15,79,95,10.98
287,Taiobeiras,BR,2021-08-03 01:34:17,-15.8078,-42.2331,52.9,82,18,3.56
288,Copiapo,CL,2021-08-03 01:34:17,-27.3667,-70.3333,51.49,55,0,2.19
289,Chaiya,TH,2021-08-03 01:34:18,9.3862,99.1986,84.15,68,100,10.07
290,Oshnaviyeh,IR,2021-08-03 01:34:18,37.0397,45.0983,62.85,70,74,2.06
291,Klyuchi,RU,2021-08-03 01:34:18,52.2667,79.1667,75.36,45,38,9.93
292,Mgandu,TZ,2021-08-03 01:34:19,-5.95,34.1333,56.21,69,4,6.6
293,Iranshahr,IR,2021-08-03 01:34:19,27.2025,60.6848,91.09,35,54,1.59
294,Ichikawa,JP,2021-08-03 01:34:19,35.7197,139.9247,91.42,71,75,1.01
295,Guntur,IN,2021-08-03 01:34:20,16.3,80.45,82.29,54,69,16.44
296,Lubbock,US,2021-08-03 01:34:20,33.6001,-101.8338,80.85,36,20,6.91
297,Loiza,PR,2021-08-03 01:34:20,18.4313,-65.8802,80.6,88,40,6.91
298,Sitka,US,2021-08-03 01:34:21,57.0531,-135.33,62.49,72,75,0.0
299,Mattoon,US,2021-08-03 01:32:53,39.4831,-88.3728,71.55,60,1,3.44
300,Codrington,AU,2021-08-03 01:33:56,-38.2667,141.9667,51.96,78,66,21.68
301,Rio Gallegos,AR,2021-08-03 01:34:21,-51.6226,-69.2181,41.05,65,0,17.27
302,Cidreira,BR,2021-08-03 01:32:45,-30.1811,-50.2056,51.4,88,0,4.76
303,Khatanga,RU,2021-08-03 01:34:22,71.9667,102.5,74.32,45,100,15.43
304,Adrar,MR,2021-08-03 01:34:22,20.5022,-10.0711,90.59,37,35,14.56
305,Husavik,IS,2021-08-03 01:34:22,66.0449,-17.3389,48.11,89,95,1.66
306,Comodoro Rivadavia,AR,2021-08-03 01:34:23,-45.8667,-67.5,53.46,28,0,17.27
307,Asau,RO,2021-08-03 01:34:23,46.4333,26.4,61.72,95,21,1.92
308,Kruisfontein,ZA,2021-08-03 01:34:23,-34.0033,24.7314,48.29,90,0,7.05
309,Illapel,CL,2021-08-03 01:34:24,-31.6308,-71.1653,58.24,62,0,1.32
310,Xuddur,SO,2021-08-03 01:34:24,4.1213,43.8894,69.42,75,95,17.34
311,Awbari,LY,2021-08-03 01:34:24,26.5921,12.7805,85.01,12,0,9.98
312,Talcahuano,CL,2021-08-03 01:34:25,-36.7167,-73.1167,55.08,76,0,12.66
313,Sisimiut,GL,2021-08-03 01:34:25,66.9395,-53.6735,47.57,91,100,3.33
314,Altay,CN,2021-08-03 01:34:25,47.8667,88.1167,75.83,26,0,3.06
315,Mahebourg,MU,2021-08-03 01:34:26,-20.4081,57.7,59.29,88,20,8.05
316,Pisco,PE,2021-08-03 01:31:02,-13.7,-76.2167,62.65,82,90,11.5
317,Nanning,CN,2021-08-03 01:29:50,22.8167,108.3167,75.65,76,70,6.26
318,Hithadhoo,MV,2021-08-03 01:34:27,-0.6,73.0833,81.97,72,99,7.83
319,Strezhevoy,RU,2021-08-03 01:34:27,60.7333,77.5889,57.18,94,100,2.46
320,Tahoua,NE,2021-08-03 01:34:27,14.8888,5.2692,83.7,57,97,5.91
321,San Carlos De Bariloche,AR,2021-08-03 01:32:23,-41.1456,-71.3082,44.35,87,75,6.91
322,Vao,NC,2021-08-03 01:32:45,-22.6667,167.4833,66.85,67,0,6.2
323,Boa Vista,BR,2021-08-03 01:34:28,2.8197,-60.6733,76.98,88,0,4.61
324,Jandaia Do Sul,BR,2021-08-03 01:34:28,-23.6031,-51.6433,61.45,68,0,2.06
325,Berlevag,NO,2021-08-03 01:34:29,70.8578,29.0864,47.77,81,43,6.04
326,Conde,BR,2021-08-03 01:33:30,-7.2597,-34.9075,72.86,94,75,5.75
327,Shingu,JP,2021-08-03 01:34:29,33.7333,135.9833,84.9,78,98,2.8
328,Kembolcha,ET,2021-08-03 01:34:30,11.0816,39.7434,62.64,73,100,4.83
329,Hella,NO,2021-08-03 01:34:30,67.2,14.4333,48.34,91,75,9.22
330,Waingapu,ID,2021-08-03 01:34:30,-9.6567,120.2641,84.74,62,68,13.82
331,Nauta,PE,2021-08-03 01:34:31,-4.5061,-73.5757,71.82,67,5,0.76
332,Shimoda,JP,2021-08-03 01:34:31,34.6667,138.95,88.16,79,88,7.09
333,Poum,NC,2021-08-03 01:34:31,-20.2333,164.0167,69.82,63,0,7.4
334,Kaikalur,IN,2021-08-03 01:34:32,16.5667,81.2,82.62,55,93,13.69
335,Tutoia,BR,2021-08-03 01:34:32,-2.7619,-42.2744,76.89,76,17,3.6
336,Kaeo,NZ,2021-08-03 01:34:33,-35.1,173.7833,60.33,78,54,20.15
337,Fenoarivo,MG,2021-08-03 01:34:33,-18.933,47.4354,48.27,100,20,2.3
338,Torit,SS,2021-08-03 01:34:33,4.4133,32.5678,68.92,69,72,3.11
339,Tamasane,BW,2021-08-03 01:34:34,-22.4184,27.4013,55.4,55,0,16.46
340,Hobyo,SO,2021-08-03 01:34:34,5.3505,48.5268,77.5,73,66,19.75
341,San Cristobal,VE,2021-08-03 01:34:34,7.7669,-72.225,75.38,96,100,4.68
342,Teya,RU,2021-08-03 01:34:35,60.3778,92.6267,66.97,63,80,2.98
343,Vestmannaeyjar,IS,2021-08-03 01:34:35,63.4427,-20.2734,52.43,83,100,5.3
344,Cayenne,GF,2021-08-03 01:34:35,4.9333,-52.3333,78.1,87,63,0.0
345,Victoria,HK,2021-08-03 01:32:44,22.2855,114.1577,85.96,89,100,1.99
346,Bibiani,GH,2021-08-03 01:34:36,6.4635,-2.3194,69.98,94,100,1.19
347,Tabou,CI,2021-08-03 01:33:52,4.423,-7.3528,75.16,82,9,5.12
348,Port Hedland,AU,2021-08-03 01:34:36,-20.3167,118.5667,68.05,17,38,20.71
349,Tiznit,MA,2021-08-03 01:34:37,29.5833,-9.5,64.89,78,7,1.25
350,Havre-Saint-Pierre,CA,2021-08-03 01:34:37,50.2334,-63.5986,55.76,94,90,3.44
351,Nogliki,RU,2021-08-03 01:34:37,51.8333,143.1667,53.96,92,100,13.11
352,Blackwater,AU,2021-08-03 01:34:38,-23.5833,148.8833,77.31,28,8,8.39
353,Zhangjiakou,CN,2021-08-03 01:34:38,40.81,114.8794,70.95,79,100,5.66
354,Omsukchan,RU,2021-08-03 01:34:38,62.5333,155.8,36.82,94,100,7.56
355,Narsaq,GL,2021-08-03 01:34:39,60.9167,-46.05,48.42,96,100,3.67
356,Monkey Hill,KN,2021-08-03 01:34:39,17.3167,-62.7167,81.39,92,6,10.94
357,Pangnirtung,CA,2021-08-03 01:33:10,66.1451,-65.7125,44.42,91,100,3.94
358,Nhulunbuy,AU,2021-08-03 01:34:40,-12.2333,136.7667,83.01,61,40,12.66
359,Fare,PF,2021-08-03 01:34:40,-16.7,-151.0167,78.93,74,55,13.58
360,Cotonou,BJ,2021-08-03 01:34:40,6.3654,2.4183,78.78,89,40,13.8
361,Brae,GB,2021-08-03 01:34:41,60.3964,-1.353,49.91,72,100,1.3
362,Saint-Andre-Avellin,CA,2021-08-03 01:34:41,45.7168,-75.066,65.48,70,31,1.77
363,Port Macquarie,AU,2021-08-03 01:34:41,-31.4333,152.9167,67.96,71,80,8.08
364,Vardo,NO,2021-08-03 01:34:42,70.3705,31.1107,48.52,81,100,4.0
365,Tilichiki,RU,2021-08-03 01:34:32,60.4667,166.1,50.88,49,100,20.6
366,Moissala,TD,2021-08-03 01:34:42,8.3404,17.7663,70.47,97,99,3.89
367,Port Elizabeth,ZA,2021-08-03 01:30:19,-33.918,25.5701,53.89,87,0,10.36
368,Vitim,RU,2021-08-03 01:34:43,59.4511,112.5578,65.41,69,97,1.16
369,Ribeira Grande,PT,2021-08-03 01:34:43,38.5167,-28.7,72.82,92,25,7.36
370,Araouane,ML,2021-08-03 01:34:43,18.9048,-3.5265,94.53,34,25,8.05
371,Oriximina,BR,2021-08-03 01:34:44,-1.7656,-55.8661,76.5,69,34,2.75
372,Sokoto,NG,2021-08-03 01:32:01,13.0609,5.239,75.02,85,100,8.48
373,Asyut,EG,2021-08-03 01:34:44,27.181,31.1837,82.58,19,1,3.2
374,Angoche,MZ,2021-08-03 01:32:43,-16.2325,39.9086,68.16,68,0,8.5
375,Ongandjera,NA,2021-08-03 01:34:45,-17.8833,15.0667,55.35,39,0,2.15
376,Severodvinsk,RU,2021-08-03 01:34:45,64.5635,39.8302,59.11,88,95,10.65
377,Rio Grande,BR,2021-08-03 01:34:45,-32.035,-52.0986,49.95,96,0,7.18
378,Raudeberg,NO,2021-08-03 01:34:46,61.9875,5.1352,51.87,82,29,12.8
379,Kitgum,UG,2021-08-03 01:34:46,3.2783,32.8867,64.49,80,65,1.66
380,Linxia,CN,2021-08-03 01:34:46,35.6003,103.2064,58.68,91,100,3.15
381,Senno,RU,2021-08-03 01:34:47,59.5336,33.9167,56.91,97,100,14.67
382,Bereda,ES,2021-08-03 01:34:03,43.2686,-7.5406,54.57,100,100,0.38
383,Urubicha,BO,2021-08-03 01:34:47,-15.3833,-62.95,65.35,41,49,2.89
384,Mitsamiouli,KM,2021-08-03 01:34:48,-11.3847,43.2844,75.43,70,0,3.62
385,Cheney,US,2021-08-03 01:34:48,47.4874,-117.5758,92.75,31,75,5.75
386,Usvyaty,RU,2021-08-03 01:34:48,55.7456,30.7533,54.97,96,79,8.52
387,Bambous Virieux,MU,2021-08-03 01:34:49,-20.3428,57.7575,59.25,88,20,8.05
388,Sorong,ID,2021-08-03 01:34:49,-0.8833,131.25,85.68,64,79,4.88
389,Mount Pleasant,US,2021-08-03 01:33:09,32.7941,-79.8626,82.99,89,90,1.01
390,Libreville,GA,2021-08-03 01:34:50,0.3925,9.4537,77.02,88,75,8.05
391,Liepaja,LV,2021-08-03 01:34:50,56.5419,21.0367,60.85,77,20,6.91
392,Tezu,IN,2021-08-03 01:34:50,27.9167,96.1667,85.89,69,64,2.19
393,Sao Joao Da Barra,BR,2021-08-03 01:34:51,-21.6403,-41.0511,68.18,79,0,10.33
394,Boyolangu,ID,2021-08-03 01:34:51,-8.1181,111.8935,77.5,86,82,9.8
395,Fort Nelson,CA,2021-08-03 01:30:18,58.8053,-122.7002,74.79,64,75,3.44
396,Okhotsk,RU,2021-08-03 01:34:52,59.3833,143.3,59.22,61,100,10.87
397,Ulaangom,MN,2021-08-03 01:34:52,49.9811,92.0667,70.59,35,3,3.27
398,Bhatapara,IN,2021-08-03 01:34:52,21.7333,81.9333,75.74,86,100,3.47
399,Placerville,US,2021-08-03 01:34:53,38.7296,-120.7986,94.5,20,1,5.75
400,Quelimane,MZ,2021-08-03 01:34:53,-17.8786,36.8883,57.15,94,0,0.0
401,Haines Junction,CA,2021-08-03 01:34:53,60.7522,-137.5108,67.95,56,67,5.75
402,Christchurch,NZ,2021-08-03 01:34:16,-43.5333,172.6333,47.48,86,75,8.01
403,Minab,IR,2021-08-03 01:34:54,27.1467,57.0801,89.1,52,77,3.74
404,Mocuba,MZ,2021-08-03 01:34:55,-16.8392,36.9856,55.2,93,0,2.46
405,Nador,MA,2021-08-03 01:34:55,35.174,-2.9287,68.25,77,0,5.75
406,Sechura,PE,2021-08-03 01:34:55,-5.5569,-80.8222,65.91,78,12,11.03
407,Kaabong,UG,2021-08-03 01:34:56,3.4836,34.1492,63.05,70,80,5.41
408,Coquimbo,CL,2021-08-03 01:34:56,-29.9533,-71.3436,55.13,87,90,4.61
409,Misratah,LY,2021-08-03 01:34:56,32.3754,15.0925,83.35,63,0,5.48
410,Sinjar,IQ,2021-08-03 01:34:57,36.3209,41.8754,86.04,30,15,3.67
411,Svetlyy,RU,2021-08-03 01:34:57,54.675,20.1347,59.05,84,50,17.18
412,Magadan,RU,2021-08-03 01:34:57,59.5667,150.8,57.25,47,6,12.28
413,Lata,PT,2021-08-03 01:34:25,40.1629,-8.3327,60.04,93,92,0.36
414,Kinsale,IE,2021-08-03 01:34:58,51.7075,-8.5306,54.77,100,75,2.3
415,Priego De Cordoba,ES,2021-08-03 01:34:58,37.4381,-4.1952,67.44,69,0,4.43
416,Belmonte,BR,2021-08-03 01:34:59,-15.8631,-38.8828,64.9,77,77,6.91
417,Honiara,SB,2021-08-03 01:34:59,-9.4333,159.95,83.95,70,47,5.95
418,Atikokan,CA,2021-08-03 01:34:59,48.7555,-91.6216,66.07,52,67,5.66
419,Dana Point,US,2021-08-03 01:35:00,33.467,-117.6981,102.87,68,0,3.0
420,Clonakilty,IE,2021-08-03 01:35:00,51.6231,-8.8706,54.61,86,100,3.62
421,Puerto Gaitan,CO,2021-08-03 01:35:01,4.3133,-72.0816,71.65,87,100,6.71
422,Provideniya,RU,2021-08-03 01:35:02,64.3833,-173.3,53.71,82,90,13.42
423,Chapleau,CA,2021-08-03 01:35:03,47.8405,-83.4034,62.69,67,20,6.91
424,Am Timan,TD,2021-08-03 01:35:03,11.0297,20.2827,71.22,95,100,5.5
425,Fortuna,US,2021-08-03 01:31:54,40.5982,-124.1573,62.85,85,75,5.01
426,College,US,2021-08-03 01:35:04,64.8569,-147.8028,85.66,42,1,6.91
427,Auki,SB,2021-08-03 01:35:04,-8.7676,160.7034,83.03,68,94,5.3
428,Tual,ID,2021-08-03 01:35:04,-5.6667,132.75,81.61,74,69,19.26
429,Onega,RU,2021-08-03 01:35:05,63.9061,38.1404,60.58,78,100,12.66
430,Sao Jose Da Coroa Grande,BR,2021-08-03 01:35:05,-8.8978,-35.1478,73.24,89,73,9.42
431,Kaman,IN,2021-08-03 01:35:06,27.65,77.2667,81.3,83,82,11.3
432,Zyryanka,RU,2021-08-03 01:35:06,65.75,150.85,56.26,44,21,7.87
433,San Andres,CO,2021-08-03 01:34:03,12.5847,-81.7006,82.42,83,75,3.44
434,Guilin,CN,2021-08-03 01:35:06,25.2819,110.2864,86.11,58,82,4.43
435,Acarau,BR,2021-08-03 01:35:07,-2.8856,-40.12,75.72,78,8,2.66
436,Bonthe,SL,2021-08-03 01:35:07,7.5264,-12.505,75.69,77,24,4.83
437,Aykhal,RU,2021-08-03 01:35:08,66.0,111.5,73.67,40,86,18.07
438,Zhezkazgan,KZ,2021-08-03 01:35:08,47.8043,67.7144,78.87,37,4,13.76
439,Mehamn,NO,2021-08-03 01:35:08,71.0357,27.8492,47.93,81,81,4.94
440,Kinkala,CG,2021-08-03 01:34:45,-4.3614,14.7644,64.71,62,78,5.17
441,Bafoulabe,ML,2021-08-03 01:35:09,13.8065,-10.8321,75.02,92,58,4.52
442,Manikganj,BD,2021-08-03 01:35:09,23.8553,90.0125,82.38,80,100,6.02
443,Achacachi,BO,2021-08-03 01:35:10,-16.05,-68.6833,39.24,81,98,3.8
444,Gurupi,BR,2021-08-03 01:35:10,-11.7292,-49.0686,72.54,37,5,4.54
445,Ekibastuz,KZ,2021-08-03 01:35:11,51.6667,75.3667,73.13,48,54,11.43
446,Jiuquan,CN,2021-08-03 01:35:11,39.7432,98.5174,74.53,18,8,6.46
447,Treinta Y Tres,UY,2021-08-03 01:35:11,-33.2333,-54.3833,47.62,92,1,3.15
448,Anloga,GH,2021-08-03 01:35:12,5.7947,0.8973,77.22,89,100,11.07
449,Muli,MV,2021-08-03 01:35:12,2.9167,73.5667,81.99,69,90,2.55
450,Otjimbingwe,NA,2021-08-03 01:35:12,-22.35,16.1333,60.22,34,0,6.91
451,Pandan,PH,2021-08-03 01:35:13,14.0453,124.1694,88.09,66,100,13.22
452,Sigiriya,LK,2021-08-03 01:35:13,7.9518,80.7426,78.26,74,94,15.19
453,Ilulissat,GL,2021-08-03 01:35:13,69.2167,-51.1,44.62,87,100,2.3
454,Balykshi,KZ,2021-08-03 01:35:14,47.0667,51.8667,69.8,26,0,8.95
455,Xining,CN,2021-08-03 01:35:14,36.6167,101.7667,56.8,94,100,3.4
456,Kutum,SD,2021-08-03 01:35:14,14.2,24.6667,72.45,69,39,13.87
457,Wamba,NG,2021-08-03 01:35:15,8.9333,8.6,70.23,95,100,2.06
458,Labis,MY,2021-08-03 01:35:15,2.385,103.021,85.66,65,65,4.36
459,Nueve De Julio,AR,2021-08-03 01:35:15,-35.4444,-60.8831,46.71,63,0,8.32
460,Lorica,CO,2021-08-03 01:35:16,9.2365,-75.8135,76.55,87,100,3.78
461,Molochnoye,RU,2021-08-03 01:35:16,59.2917,39.6787,65.61,92,90,15.1
462,Dekar,BW,2021-08-03 01:35:16,-21.5333,21.9333,52.68,28,0,6.38
463,Ventspils,LV,2021-08-03 01:35:17,57.3894,21.5606,60.73,88,40,8.05
464,Skjervoy,NO,2021-08-03 01:35:17,70.0311,20.9714,48.47,77,92,6.04
465,Moussoro,TD,2021-08-03 01:35:18,13.6408,16.4901,81.36,67,82,8.7
466,Suntar,RU,2021-08-03 01:35:18,62.1444,117.6319,73.83,55,21,7.14
467,Karpathos,GR,2021-08-03 01:35:18,35.507,27.2132,80.76,74,0,14.99
468,Zabaykalsk,RU,2021-08-03 01:35:19,49.6333,117.3167,73.47,54,98,11.45
469,Barcelos,PT,2021-08-03 01:31:43,41.5388,-8.6151,67.91,81,100,3.76
470,Mangrol,IN,2021-08-03 01:32:52,21.1167,70.1167,81.64,84,100,18.54
471,Cairns,AU,2021-08-03 01:32:13,-16.9167,145.7667,82.94,53,14,8.05
472,Bud,US,2021-08-03 01:35:19,39.447,-86.1758,71.98,77,10,5.46
473,Bunol,ES,2021-08-03 01:35:20,39.4167,-0.7833,72.03,82,6,1.95
474,Tatawin,TN,2021-08-03 01:35:20,32.9297,10.4518,85.08,56,5,1.99
475,Sechenovo,RU,2021-08-03 01:35:20,55.2244,45.8906,69.71,63,30,7.25
476,Mount Darwin,ZW,2021-08-03 01:35:21,-16.7725,31.5838,48.25,69,0,3.31
477,Ola,RU,2021-08-03 01:35:21,59.5833,151.2833,57.6,45,6,13.56
478,Henties Bay,NA,2021-08-03 01:35:21,-22.116,14.2845,56.86,82,0,9.44
479,Akdagmadeni,TR,2021-08-03 01:35:22,39.6603,35.8836,55.13,92,0,3.6
480,Ambon,ID,2021-08-03 01:35:22,-3.6954,128.1814,80.8,81,38,12.91
481,Yeppoon,AU,2021-08-03 01:35:23,-23.1333,150.7333,74.98,54,0,11.39
482,Pahrump,US,2021-08-03 01:30:41,36.2083,-115.9839,103.84,14,1,1.99
483,Kupang,ID,2021-08-03 01:35:23,-10.1667,123.5833,84.78,65,20,13.8
484,Nemuro,JP,2021-08-03 01:33:08,43.3236,145.575,75.63,94,99,5.44
485,Alyangula,AU,2021-08-03 01:34:52,-13.8483,136.4192,85.87,58,40,9.22
486,Kokstad,ZA,2021-08-03 01:35:24,-30.5472,29.4241,40.26,91,0,4.99
487,Kortkeros,RU,2021-08-03 01:35:24,61.8106,51.5806,53.6,86,100,3.49
488,Nyurba,RU,2021-08-03 01:35:24,63.2842,118.3319,77.94,39,0,9.01
489,Medina Del Campo,ES,2021-08-03 01:35:25,41.3124,-4.9141,62.78,51,36,1.41
490,Wennigsen,DE,2021-08-03 01:35:25,52.274,9.5729,57.54,94,61,2.86
491,Ahipara,NZ,2021-08-03 01:32:26,-35.1667,173.1667,55.33,82,37,25.93
492,Kamenka,RU,2021-08-03 01:33:20,51.3223,42.7678,72.91,50,6,4.5
493,Hami,CN,2021-08-03 01:35:26,42.8,93.45,83.1,18,2,7.67
494,Marzuq,YE,2021-08-03 01:35:26,14.4,46.4667,80.01,60,55,1.07
495,Sambava,MG,2021-08-03 01:35:27,-14.2667,50.1667,65.46,88,6,5.82
496,Kulhudhuffushi,MV,2021-08-03 01:35:27,6.6221,73.07,81.64,74,100,6.85
497,Ures,MX,2021-08-03 01:35:27,29.4333,-110.4,78.37,87,100,11.41
498,Piacabucu,BR,2021-08-03 01:35:28,-10.4056,-36.4344,72.01,89,83,9.13
499,Muriti,TZ,2021-08-03 01:35:28,-1.9833,32.9167,66.31,61,93,7.27
500,Wawa,NG,2021-08-03 01:35:28,9.9022,4.4192,73.27,90,100,1.9
501,Vilcun,CL,2021-08-03 01:35:29,-38.65,-72.2333,41.74,94,47,2.13
502,Tarakan,ID,2021-08-03 01:35:29,3.3,117.6333,80.82,76,100,6.29
503,Moree,AU,2021-08-03 01:35:29,-29.4667,149.85,60.82,77,90,10.36
504,Panaba,MX,2021-08-03 01:35:30,21.2833,-88.2667,78.6,86,84,8.93
505,Santa Maria,BR,2021-08-03 01:35:30,-29.6842,-53.8069,40.3,100,40,1.14
506,Akonolinga,CM,2021-08-03 01:35:30,3.7667,12.25,66.49,99,100,2.46
507,Seredeyskiy,RU,2021-08-03 01:35:31,54.0507,35.2318,57.65,98,55,7.16
508,Columbus,US,2021-08-03 01:34:28,39.9612,-82.9988,71.8,67,20,3.44
509,Catamarca,AR,2021-08-03 01:30:57,-28.4696,-65.7852,61.77,37,0,11.45
510,Inuvik,CA,2021-08-03 01:35:14,68.3499,-133.7218,56.26,82,90,12.66
511,La Asuncion,VE,2021-08-03 01:35:32,11.0333,-63.8628,87.53,66,21,2.3
512,Shelburne,CA,2021-08-03 01:30:48,44.0787,-80.2041,64.27,87,6,6.38
513,Chapais,CA,2021-08-03 01:32:45,49.7834,-74.8492,62.38,76,100,7.36
514,Luderitz,NA,2021-08-03 01:35:32,-26.6481,15.1594,66.07,35,0,4.47
515,Bara,NG,2021-08-03 01:35:33,10.3744,10.7288,73.08,94,100,7.58
516,Moerai,PF,2021-08-03 01:35:33,-22.4333,-151.3333,75.2,82,94,19.84
517,Cantanhede,BR,2021-08-03 01:35:33,-3.6333,-44.3767,72.03,60,6,2.15
518,Kidal,ML,2021-08-03 01:33:05,18.4411,1.4078,86.07,44,100,3.29
519,Constitucion,CL,2021-08-03 01:35:34,-35.3333,-72.4167,53.13,65,0,5.21
520,Bubaque,GW,2021-08-03 01:35:34,11.2833,-15.8333,78.93,82,43,14.14
521,Great Yarmouth,GB,2021-08-03 01:32:08,52.6083,1.7305,55.94,74,98,4.16
522,Maba,CN,2021-08-03 01:35:35,24.6841,113.5984,87.91,71,86,3.4
523,High Prairie,CA,2021-08-03 01:35:11,55.4334,-116.4858,72.7,62,100,5.08
524,Beya,RU,2021-08-03 01:35:35,53.0533,90.9139,68.7,73,87,6.02
525,Palmer,US,2021-08-03 01:34:20,42.1584,-72.3287,67.55,74,20,3.44
526,Belyy Yar,RU,2021-08-03 01:35:36,53.6039,91.3903,67.89,73,0,4.47
527,Cockburn Town,TC,2021-08-03 01:32:20,21.4612,-71.1419,81.88,76,75,19.57
528,Wangjing,IN,2021-08-03 01:35:36,24.6,94.0333,73.62,93,99,0.89
529,Tvoroyri,FO,2021-08-03 01:35:37,61.5556,-6.8111,49.39,87,100,12.46
530,Plouzane,FR,2021-08-03 01:35:37,48.3833,-4.6167,57.52,91,0,3.44
531,Joshimath,IN,2021-08-03 01:35:37,30.5667,79.5667,75.0,75,24,1.66
532,Morgan City,US,2021-08-03 01:35:38,29.6994,-91.2068,82.99,83,1,0.0
533,Kirillov,RU,2021-08-03 01:35:38,59.863,38.3813,69.73,93,99,13.89
534,Flin Flon,CA,2021-08-03 01:35:38,54.7682,-101.865,80.33,35,69,1.21
535,Springfield,US,2021-08-03 01:31:54,37.2153,-93.2982,75.97,74,1,5.01
536,Safi,MA,2021-08-03 01:35:39,32.1667,-8.8333,63.79,89,2,7.92
537,Dudinka,RU,2021-08-03 01:35:39,69.4058,86.1778,73.35,51,100,8.59
538,Sabang,ID,2021-08-03 01:35:40,5.8933,95.3214,83.12,75,100,20.38
539,Mountain Home,US,2021-08-03 01:35:40,43.133,-115.6912,90.88,22,20,10.36
540,Faanui,PF,2021-08-03 01:33:47,-16.4833,-151.75,78.84,77,20,12.84
541,Pacific Grove,US,2021-08-03 01:31:42,36.6177,-121.9166,84.6,74,1,3.0
542,Aitape,PG,2021-08-03 01:35:41,-3.1374,142.3475,87.48,63,56,8.39
543,Oranjemund,NA,2021-08-03 01:35:41,-28.55,16.4333,57.24,67,0,4.16
544,Cordoba,AR,2021-08-03 01:35:41,-31.4135,-64.1811,57.6,59,0,4.0
545,Vanavara,RU,2021-08-03 01:35:42,60.34,102.2797,60.85,86,100,0.81
546,Tatarsk,RU,2021-08-03 01:35:42,55.219,75.9828,65.19,71,54,10.45
547,Chillicothe,US,2021-08-03 01:35:42,39.3331,-82.9824,71.96,77,1,3.44
548,Rio Esteban,HN,2021-08-03 01:35:43,15.8333,-86.3,82.0,92,20,8.19
549,Wanparti,IN,2021-08-03 01:35:43,16.3667,78.0667,75.87,73,99,15.1
550,Ylojarvi,FI,2021-08-03 01:35:43,61.5563,23.5961,53.62,92,90,8.05
551,Varkkallai,IN,2021-08-03 01:35:44,8.7341,76.7067,78.58,85,100,8.01
552,Nizhniy Lomov,RU,2021-08-03 01:35:44,53.5304,43.6766,68.94,62,36,5.14
553,Mahbubabad,IN,2021-08-03 01:35:45,17.6167,80.0167,78.98,76,100,9.69
554,Srandakan,ID,2021-08-03 01:35:45,-7.9386,110.2506,77.68,85,91,12.71
555,Tadine,NC,2021-08-03 01:35:45,-21.55,167.8833,71.65,61,2,9.82
556,Grimshaw,CA,2021-08-03 01:35:46,56.1834,-117.6027,77.7,61,90,3.44
557,Corinto,GR,2021-08-03 01:35:46,37.9407,22.9573,93.49,59,0,4.88
558,Igrim,RU,2021-08-03 01:35:46,63.1906,64.4162,60.66,85,85,3.58
559,Azle,US,2021-08-03 01:35:05,32.8951,-97.5459,85.1,63,20,1.99
560,Boden,SE,2021-08-03 01:35:47,65.8252,21.6886,51.8,68,76,6.29
561,Bethanien,NA,2021-08-03 01:35:47,-26.502,17.1583,55.78,28,0,7.2
562,Udimskiy,RU,2021-08-03 01:35:48,61.1417,45.9144,61.3,89,65,7.47
563,Biloela,AU,2021-08-03 01:35:48,-24.4167,150.5,78.8,33,43,12.71
564,Eureka,US,2021-08-03 01:35:22,40.8021,-124.1637,61.2,74,43,3.0
565,Fairbanks,US,2021-08-03 01:35:48,64.8378,-147.7164,86.09,42,1,6.91
566,Huron,US,2021-08-03 01:35:49,41.1501,-82.5499,69.24,84,0,2.77
567,Umm Lajj,SA,2021-08-03 01:35:49,25.0213,37.2685,89.37,40,4,4.03
568,Bhatkal,IN,2021-08-03 01:35:49,13.9667,74.5667,78.21,86,100,10.65
569,Santana Do Mundau,BR,2021-08-03 01:35:50,-9.1681,-36.2222,69.78,99,67,4.0
570,Tornio,FI,2021-08-03 01:35:50,65.8481,24.1466,50.02,58,100,10.36
571,Khasan,RU,2021-08-03 01:35:50,42.4308,130.6434,77.88,89,93,4.16
572,Coachella,US,2021-08-03 01:35:51,33.6803,-116.1739,116.55,11,1,5.01
573,Yulara,AU,2021-08-03 01:35:51,-25.2406,130.9889,51.64,58,0,14.97
574,Toktogul,KG,2021-08-03 01:35:52,41.8708,72.9402,71.13,56,100,0.85
